episode,bridge,seeds,trained_reward,random_reward,reward_gain,trained_pdr,random_pdr,pdr_gain,trained_delay_ms,random_delay_ms,delay_gain_ms,trained_trust,random_trust,trust_gain
200,on,"42,43,44,45,46",-187.7358881083508,66.44986435298716,-254.18575246133796,0.8075555555555558,0.8075555555555558,0.0,86.42222222222222,86.42222222222222,0.0,0.16413490530255959,0.5808824920012008,-0.4167475866986412
400,on,"42,43,44,45,46",-558.2037482403888,66.44986435298716,-624.653612593376,0.8075555555555558,0.8075555555555558,0.0,86.42222222222222,86.42222222222222,0.0,0.12924193844731052,0.5808824920012008,-0.45164055355389027
600,on,"42,43,44,45,46",-431.91284261013277,66.44986435298716,-498.36270696311993,0.8075555555555558,0.8075555555555558,0.0,86.42222222222222,86.42222222222222,0.0,0.11144865731465407,0.5808824920012008,-0.4694338346865467
800,on,"42,43,44,45,46",-224.22817891611035,66.44986435298716,-290.67804326909754,0.8075555555555558,0.8075555555555558,0.0,86.42222222222222,86.42222222222222,0.0,0.1312987250870747,0.5808824920012008,-0.44958376691412605
1000,on,"42,43,44,45,46",-252.0803517300924,66.44986435298716,-318.53021608307955,0.8075555555555558,0.8075555555555558,0.0,86.42222222222222,86.42222222222222,0.0,0.11288618611359588,0.5808824920012008,-0.4679963058876049
