episode,bridge,seeds,trained_reward,random_reward,reward_gain,trained_pdr,random_pdr,pdr_gain,trained_delay_ms,random_delay_ms,delay_gain_ms,trained_trust,random_trust,trust_gain
200,off,"42,43,44,45,46",-12060.4615235673,1362.4120250802735,-13422.873548647574,0.13088383335153336,0.4973573495563778,-0.3664735162048444,232.51748917027004,28.789715553087643,-203.7277736171824,0.31445607344584836,0.6933472199008506,-0.3788911464550022
400,off,"42,43,44,45,46",-6188.458108487006,1362.4120250802735,-7550.8701335672795,0.1475522323980229,0.4973573495563778,-0.3498051171583549,217.594765923763,28.789715553087643,-188.80505037067536,0.3303010011403428,0.6933472199008506,-0.3630462187605078
600,off,"42,43,44,45,46",-5751.1520179069175,1362.4120250802735,-7113.564042987191,0.12023366537577859,0.4973573495563778,-0.37712368418059916,228.82732805582086,28.789715553087643,-200.03761250273323,0.3153738176519691,0.6933472199008506,-0.3779734022488815
800,off,"42,43,44,45,46",-5318.131754766451,1362.4120250802735,-6680.543779846725,0.18192973148110386,0.4973573495563778,-0.3154276180752739,195.10908735116803,28.789715553087643,-166.3193717980804,0.36698623043562983,0.6933472199008506,-0.32636098946522074
1000,off,"42,43,44,45,46",-4823.253556677761,1362.4120250802735,-6185.665581758034,0.15213242791804285,0.4973573495563778,-0.34522492163833496,209.432103828297,28.789715553087643,-180.64238827520936,0.3421591579522523,0.6933472199008506,-0.35118806194859825
