episode,bridge,seeds,trained_reward,random_reward,reward_gain,trained_pdr,random_pdr,pdr_gain,trained_delay_ms,random_delay_ms,delay_gain_ms,trained_trust,random_trust,trust_gain
200,off,"42,43,44,45,46",-187.7358881083508,66.44986435298716,-254.18575246133796,0.22622222222222224,0.7320000000000002,-0.505777777777778,218.95315503382517,37.80065276537435,-181.1525022684508,0.16413490530255959,0.5808824920012008,-0.4167475866986412
400,off,"42,43,44,45,46",-558.2037482403888,66.44986435298716,-624.653612593376,0.19,0.7320000000000002,-0.5420000000000003,233.985055290652,37.80065276537435,-196.18440252527768,0.12924193844731052,0.5808824920012008,-0.45164055355389027
600,off,"42,43,44,45,46",-431.91284261013277,66.44986435298716,-498.36270696311993,0.16266666666666668,0.7320000000000002,-0.5693333333333335,242.10835960981268,37.80065276537435,-204.30770684443831,0.11144865731465407,0.5808824920012008,-0.4694338346865467
800,off,"42,43,44,45,46",-224.22817891611035,66.44986435298716,-290.67804326909754,0.22777777777777777,0.7320000000000002,-0.5042222222222225,222.12514120488677,37.80065276537435,-184.32448843951244,0.1312987250870747,0.5808824920012008,-0.44958376691412605
1000,off,"42,43,44,45,46",-252.0803517300924,66.44986435298716,-318.53021608307955,0.16911111111111113,0.7320000000000002,-0.5628888888888891,240.38875814443531,37.80065276537435,-202.58810537906095,0.11288618611359588,0.5808824920012008,-0.4679963058876049
